{
  "version": "6.0",
  "nxVersion": "18.0.4",
  "deps": {
    "axios": "^1.6.0",
    "express": "~4.18.1",
    "tslib": "^2.3.0",
    "@nx/esbuild": "18.0.4",
    "@nx/eslint": "18.0.4",
    "@nx/eslint-plugin": "18.0.4",
    "@nx/jest": "18.0.4",
    "@nx/js": "18.0.4",
    "@nx/node": "18.0.4",
    "@nx/workspace": "18.0.4",
    "@swc-node/register": "~1.8.0",
    "@swc/core": "~1.3.85",
    "@swc/helpers": "~0.5.2",
    "@types/express": "~4.17.13",
    "@types/jest": "^29.4.0",
    "@types/node": "~18.16.9",
    "@typescript-eslint/eslint-plugin": "^6.13.2",
    "@typescript-eslint/parser": "^6.13.2",
    "esbuild": "^0.19.2",
    "eslint": "~8.48.0",
    "eslint-config-prettier": "^9.0.0",
    "jest": "^29.4.1",
    "jest-environment-node": "^29.4.1",
    "nx": "18.0.4",
    "prettier": "^2.6.2",
    "ts-jest": "^29.1.0",
    "ts-node": "10.9.1",
    "typescript": "~5.3.2"
  },
  "pathMappings": {},
  "nxJsonPlugins": [
    {
      "name": "@nx/eslint/plugin",
      "options": {
        "targetName": "lint"
      }
    },
    {
      "name": "@nx/jest/plugin",
      "options": {
        "targetName": "test"
      }
    }
  ],
  "fileMap": {
    "nonProjectFiles": [
      {
        "file": "Dockerfile",
        "hash": "543351794153682933"
      },
      {
        "file": "nx.json",
        "hash": "3572990181569677582"
      },
      {
        "file": ".gitignore",
        "hash": "16877376182141465221"
      },
      {
        "file": ".dockerignore",
        "hash": "6102107753480077821"
      },
      {
        "file": "demo.zip",
        "hash": "16213790273762765666"
      },
      {
        "file": ".nx/cache/d/server-process.json",
        "hash": "14378233073808972388"
      },
      {
        "file": "package.json",
        "hash": "2056275796357434287"
      },
      {
        "file": ".editorconfig",
        "hash": "5443105041930014821"
      },
      {
        "file": ".prettierignore",
        "hash": "16448050467312557263"
      },
      {
        "file": "README.md",
        "hash": "12078884588520990736"
      },
      {
        "file": ".eslintignore",
        "hash": "7663861978715868291"
      },
      {
        "file": "package-lock.json",
        "hash": "12758418611055981879"
      },
      {
        "file": "Procfile",
        "hash": "4990535131015930627"
      },
      {
        "file": ".eslintrc.json",
        "hash": "18315524891129148814"
      },
      {
        "file": "yarn.lock",
        "hash": "10335701196051328974"
      },
      {
        "file": "tsconfig.base.json",
        "hash": "16936441711144470533"
      },
      {
        "file": ".vscode/extensions.json",
        "hash": "4934098906304722861"
      },
      {
        "file": ".prettierrc",
        "hash": "16267754514737964994"
      },
      {
        "file": "jest.config.ts",
        "hash": "12333515226966617182"
      },
      {
        "file": "jest.preset.js",
        "hash": "9430166341120122740"
      },
      {
        "file": "docker-compose.yml",
        "hash": "3116093837706291186"
      }
    ],
    "projectFileMap": {
      "nx-express-e2e": [
        {
          "file": "apps/nx-express-e2e/.eslintrc.json",
          "hash": "13800677001662881425"
        },
        {
          "file": "apps/nx-express-e2e/jest.config.ts",
          "hash": "9196082450112957731"
        },
        {
          "file": "apps/nx-express-e2e/project.json",
          "hash": "6330045205638238012"
        },
        {
          "file": "apps/nx-express-e2e/src/nx-express/nx-express.spec.ts",
          "hash": "4579662685003779048",
          "deps": [
            "npm:axios"
          ]
        },
        {
          "file": "apps/nx-express-e2e/src/support/global-setup.ts",
          "hash": "2568409276037275290"
        },
        {
          "file": "apps/nx-express-e2e/src/support/global-teardown.ts",
          "hash": "5275447082211835490"
        },
        {
          "file": "apps/nx-express-e2e/src/support/test-setup.ts",
          "hash": "10984585515912236441",
          "deps": [
            "npm:axios"
          ]
        },
        {
          "file": "apps/nx-express-e2e/tsconfig.json",
          "hash": "15443990093475294480"
        },
        {
          "file": "apps/nx-express-e2e/tsconfig.spec.json",
          "hash": "14954872453723519891"
        }
      ],
      "nx-express": [
        {
          "file": "apps/nx-express/.eslintrc.json",
          "hash": "13800677001662881425"
        },
        {
          "file": "apps/nx-express/jest.config.ts",
          "hash": "10744471826042250361"
        },
        {
          "file": "apps/nx-express/project.json",
          "hash": "408796139951359803"
        },
        {
          "file": "apps/nx-express/src/assets/.gitkeep",
          "hash": "3244421341483603138"
        },
        {
          "file": "apps/nx-express/src/main.ts",
          "hash": "1815027804018859359",
          "deps": [
            "npm:express"
          ]
        },
        {
          "file": "apps/nx-express/tsconfig.app.json",
          "hash": "1558509971940032459"
        },
        {
          "file": "apps/nx-express/tsconfig.json",
          "hash": "3490524966360018312"
        },
        {
          "file": "apps/nx-express/tsconfig.spec.json",
          "hash": "11550347367511341917"
        },
        {
          "file": "apps/nx-express/Dockerfile",
          "hash": "847183510423110600"
        }
      ]
    }
  }
}
